{
    "contacts": [
      {
        "id": 1,
        "number": "012345678910",
        "protocolName": "فودافون مصر",
        "country": "المملكة الأردنية الهاشمية",
        "currentClient": "الشركة القابضة للإبادة",
        "currentBalance": 5000,
        "usedBalanceClient": 5000,
        "totalUsedBalance": 5000,
        "lastPackageDate": "2024/12/29",
        "NumberOfextensions":"09",
        "transactions": [
          {
            "client": "الشركة القابضة للإبادة",
            "dateOfAssignment": "01/12/2024",
            "dateOfCancellation": "-",
            "responsible": "عبدالرحيم إسماعيل نصف",
            "localContract": 7654,
            "internationalContract": 122,
            "amount": 61890
          },
          {
            "client": "الشركة القابضة للإبادة",
            "dateOfAssignment": "01/12/2024",
            "dateOfCancellation": "-",
            "responsible": "عبدالرحيم إسماعيل نصف",
            "localContract": 7654,
            "internationalContract": 122,
            "amount": 61890
          },
          {
            "client": "الشركة القاhhhhبضة للإبادة",
            "dateOfAssignment": "01/12/2024",
            "dateOfCancellation": "-",
            "responsible": "عبدالرحيم إسماعيل نصف",
            "localContract": 7654,
            "internationalContract": 122,
            "amount": 61890
          },
          {
            "client": "الشركة القابضة 88888للإبادة",
            "dateOfAssignment": "01/12/2024",
            "dateOfCancellation": "-",
            "responsible": "عبدالرحيم إسماعيل نصف",
            "localContract": 7654,
            "internationalContract": 122,
            "amount": 61890
          },
          {
            "client": "الشركة القابضة 88888للإبادة",
            "dateOfAssignment": "01/12/2024",
            "dateOfCancellation": "-",
            "responsible": "عبدالرحيم إسماعيل نصف",
            "localContract": 7654,
            "internationalContract": 122,
            "amount": 61890
          },
          {
            "client": "الشركة القابضة 88888للإبادة",
            "dateOfAssignment": "01/12/2024",
            "dateOfCancellation": "-",
            "responsible": "عبدالرحيم إسماعيل نصف",
            "localContract": 7654,
            "internationalContract": 122,
            "amount": 61890
          },
          {
            "client": "الشركة القابضة 88888للإبادة",
            "dateOfAssignment": "01/12/2024",
            "dateOfCancellation": "-",
            "responsible": "عبدالرحيم إسماعيل نصف",
            "localContract": 7654,
            "internationalContract": 122,
            "amount": 61890
          },
          {
            "client": "الشركة القابضة5555 للإبادة",
            "dateOfAssignment": "01/12/208824",
            "dateOfCancellation": "-",
            "responsible": "عبدالرحيم إسماعيل نصف",
            "localContract": 7654,
            "internationalContract": 122,
            "amount": 61890
          },
          {
            "client": "الشركة القابضة للإبادة",
            "dateOfAssignment": "01/12/2024",
            "dateOfCancellation": "-",
            "responsible": "عبدالرحيم إسماعيل نصف",
            "localContract": 7654,
            "internationalContract": 122,
            "amount": 61890
          },
          {
            "client": "الشركة القابضة للإبادة",
            "dateOfAssignment": "01/12/2024",
            "dateOfCancellation": "-",
            "responsible": "عبدالرحيم إسماعيل نصف",
            "localContract": 7654,
            "internationalContract": 122,
            "amount": 61890
          },
          {
            "client": "الشركة القاب22222ضة للإبادة",
            "dateOfAssignment": "01/12/2024",
            "dateOfCancellation": "-",
            "responsible": "عبدالرحيم إسماعيل نصف",
            "localContract": 7654,
            "internationalContract": 122,
            "amount": 61890
          }
        ],
        "createdBy": "عبدالرحيم إسماعيل نصف",
        "creationDate": "01/12/2024",
        "creationTime": "04:30"
      }
    ]
    
  }
  