{
  "hash": "8c1e7f1b",
  "configHash": "cd70539d",
  "lockfileHash": "0958340d",
  "browserHash": "ad4ecc99",
  "optimized": {
    "@angular/common": {
      "src": "../../../../../node_modules/@angular/common/fesm2022/common.mjs",
      "file": "@angular_common.js",
      "fileHash": "0ea357f0",
      "needsInterop": false
    },
    "@angular/common/http": {
      "src": "../../../../../node_modules/@angular/common/fesm2022/http.mjs",
      "file": "@angular_common_http.js",
      "fileHash": "d1cd1dcc",
      "needsInterop": false
    },
    "@angular/core": {
      "src": "../../../../../node_modules/@angular/core/fesm2022/core.mjs",
      "file": "@angular_core.js",
      "fileHash": "cebca444",
      "needsInterop": false
    },
    "@angular/platform-browser": {
      "src": "../../../../../node_modules/@angular/platform-browser/fesm2022/platform-browser.mjs",
      "file": "@angular_platform-browser.js",
      "fileHash": "da9f91f4",
      "needsInterop": false
    },
    "@angular/platform-browser/animations/async": {
      "src": "../../../../../node_modules/@angular/platform-browser/fesm2022/animations/async.mjs",
      "file": "@angular_platform-browser_animations_async.js",
      "fileHash": "fa629d65",
      "needsInterop": false
    },
    "@angular/router": {
      "src": "../../../../../node_modules/@angular/router/fesm2022/router.mjs",
      "file": "@angular_router.js",
      "fileHash": "f6522bb3",
      "needsInterop": false
    },
    "ng-zorro-antd/button": {
      "src": "../../../../../node_modules/ng-zorro-antd/fesm2022/ng-zorro-antd-button.mjs",
      "file": "ng-zorro-antd_button.js",
      "fileHash": "b35ae1f9",
      "needsInterop": false
    },
    "ng-zorro-antd/core/config": {
      "src": "../../../../../node_modules/ng-zorro-antd/fesm2022/ng-zorro-antd-core-config.mjs",
      "file": "ng-zorro-antd_core_config.js",
      "fileHash": "cfe63725",
      "needsInterop": false
    },
    "ng-zorro-antd/input": {
      "src": "../../../../../node_modules/ng-zorro-antd/fesm2022/ng-zorro-antd-input.mjs",
      "file": "ng-zorro-antd_input.js",
      "fileHash": "365acde2",
      "needsInterop": false
    },
    "ng-zorro-antd/message": {
      "src": "../../../../../node_modules/ng-zorro-antd/fesm2022/ng-zorro-antd-message.mjs",
      "file": "ng-zorro-antd_message.js",
      "fileHash": "8ebd7cdd",
      "needsInterop": false
    },
    "ng-zorro-antd/modal": {
      "src": "../../../../../node_modules/ng-zorro-antd/fesm2022/ng-zorro-antd-modal.mjs",
      "file": "ng-zorro-antd_modal.js",
      "fileHash": "75ebb2d8",
      "needsInterop": false
    },
    "ng-zorro-antd/table": {
      "src": "../../../../../node_modules/ng-zorro-antd/fesm2022/ng-zorro-antd-table.mjs",
      "file": "ng-zorro-antd_table.js",
      "fileHash": "7240ee76",
      "needsInterop": false
    },
    "tslib": {
      "src": "../../../../../node_modules/tslib/tslib.es6.mjs",
      "file": "tslib.js",
      "fileHash": "f514d87c",
      "needsInterop": false
    },
    "ng-zorro-antd/pagination": {
      "src": "../../../../../node_modules/ng-zorro-antd/fesm2022/ng-zorro-antd-pagination.mjs",
      "file": "ng-zorro-antd_pagination.js",
      "fileHash": "14700003",
      "needsInterop": false
    },
    "ng-zorro-antd/select": {
      "src": "../../../../../node_modules/ng-zorro-antd/fesm2022/ng-zorro-antd-select.mjs",
      "file": "ng-zorro-antd_select.js",
      "fileHash": "b3cee619",
      "needsInterop": false
    },
    "ng-zorro-antd/i18n": {
      "src": "../../../../../node_modules/ng-zorro-antd/fesm2022/ng-zorro-antd-i18n.mjs",
      "file": "ng-zorro-antd_i18n.js",
      "fileHash": "79ceca75",
      "needsInterop": false
    },
    "@angular/forms": {
      "src": "../../../../../node_modules/@angular/forms/fesm2022/forms.mjs",
      "file": "@angular_forms.js",
      "fileHash": "ae50e10b",
      "needsInterop": false
    },
    "rxjs": {
      "src": "../../../../../node_modules/rxjs/dist/esm5/index.js",
      "file": "rxjs.js",
      "fileHash": "97db4b69",
      "needsInterop": false
    },
    "ng-zorro-antd/dropdown": {
      "src": "../../../../../node_modules/ng-zorro-antd/fesm2022/ng-zorro-antd-dropdown.mjs",
      "file": "ng-zorro-antd_dropdown.js",
      "fileHash": "2dd45ae5",
      "needsInterop": false
    },
    "ng-zorro-antd/icon": {
      "src": "../../../../../node_modules/ng-zorro-antd/fesm2022/ng-zorro-antd-icon.mjs",
      "file": "ng-zorro-antd_icon.js",
      "fileHash": "09095dbc",
      "needsInterop": false
    },
    "ng-zorro-antd/menu": {
      "src": "../../../../../node_modules/ng-zorro-antd/fesm2022/ng-zorro-antd-menu.mjs",
      "file": "ng-zorro-antd_menu.js",
      "fileHash": "34d6ceb7",
      "needsInterop": false
    },
    "ng-zorro-antd/core/transition-patch": {
      "src": "../../../../../node_modules/ng-zorro-antd/fesm2022/ng-zorro-antd-core-transition-patch.mjs",
      "file": "ng-zorro-antd_core_transition-patch.js",
      "fileHash": "ed810e98",
      "needsInterop": false
    },
    "ng-zorro-antd/core/wave": {
      "src": "../../../../../node_modules/ng-zorro-antd/fesm2022/ng-zorro-antd-core-wave.mjs",
      "file": "ng-zorro-antd_core_wave.js",
      "fileHash": "b7b0ef78",
      "needsInterop": false
    }
  },
  "chunks": {
    "browser-7MLUUB2N": {
      "file": "browser-7MLUUB2N.js"
    },
    "chunk-UQKUOK2T": {
      "file": "chunk-UQKUOK2T.js"
    },
    "chunk-TO5VHQEP": {
      "file": "chunk-TO5VHQEP.js"
    },
    "chunk-7F3VUSZU": {
      "file": "chunk-7F3VUSZU.js"
    },
    "chunk-KWWWVDW5": {
      "file": "chunk-KWWWVDW5.js"
    },
    "chunk-5Z6RYB6F": {
      "file": "chunk-5Z6RYB6F.js"
    },
    "chunk-YSM4ZSFR": {
      "file": "chunk-YSM4ZSFR.js"
    },
    "chunk-VCEXE5QX": {
      "file": "chunk-VCEXE5QX.js"
    },
    "chunk-S6XXN4J6": {
      "file": "chunk-S6XXN4J6.js"
    },
    "chunk-GNMPDG2S": {
      "file": "chunk-GNMPDG2S.js"
    },
    "chunk-RWCHWO5C": {
      "file": "chunk-RWCHWO5C.js"
    },
    "chunk-CBHN3EKP": {
      "file": "chunk-CBHN3EKP.js"
    },
    "chunk-QG6IYT37": {
      "file": "chunk-QG6IYT37.js"
    },
    "chunk-C7SHARSY": {
      "file": "chunk-C7SHARSY.js"
    },
    "chunk-TOFURS6Y": {
      "file": "chunk-TOFURS6Y.js"
    },
    "chunk-XLSSLTJE": {
      "file": "chunk-XLSSLTJE.js"
    },
    "chunk-VUHEQVSU": {
      "file": "chunk-VUHEQVSU.js"
    },
    "chunk-BCZ6ZXWW": {
      "file": "chunk-BCZ6ZXWW.js"
    },
    "chunk-3UEQSEIS": {
      "file": "chunk-3UEQSEIS.js"
    },
    "chunk-7N3AYFDW": {
      "file": "chunk-7N3AYFDW.js"
    },
    "chunk-CPBK54SC": {
      "file": "chunk-CPBK54SC.js"
    },
    "chunk-F5SI5K6X": {
      "file": "chunk-F5SI5K6X.js"
    },
    "chunk-JNP5Z3FU": {
      "file": "chunk-JNP5Z3FU.js"
    },
    "chunk-XZ2Z36PZ": {
      "file": "chunk-XZ2Z36PZ.js"
    },
    "chunk-UEVSME47": {
      "file": "chunk-UEVSME47.js"
    },
    "chunk-3I3OMAO7": {
      "file": "chunk-3I3OMAO7.js"
    },
    "chunk-QFVI2YBF": {
      "file": "chunk-QFVI2YBF.js"
    },
    "chunk-C3GV66ZD": {
      "file": "chunk-C3GV66ZD.js"
    },
    "chunk-QQ26ND4N": {
      "file": "chunk-QQ26ND4N.js"
    },
    "chunk-FAMMGI2N": {
      "file": "chunk-FAMMGI2N.js"
    },
    "chunk-CMPTF2F3": {
      "file": "chunk-CMPTF2F3.js"
    },
    "chunk-LH2UFJUH": {
      "file": "chunk-LH2UFJUH.js"
    }
  }
}